,Equal_Length,Larger_by_1,Larger_by_2,Larger_by_3,Larger_by_4,Larger_by_5,Larger_by_6,Larger_by_7,Larger_by_8,Larger_by_9,Larger_by_10,Larger_by_more_than_10
0,19.985190381542537,23.7752835262481,17.835847071203087,12.001636852566351,7.928991776764488,5.087883393740988,3.427647219299271,2.3714875872013716,1.6310066643283059,1.1906153786195877,0.8944230094703612,3.8699871390155502
