,Equal_Length,Larger_by_1,Larger_by_2,Larger_by_3,Larger_by_4,Larger_by_5,Larger_by_6,Larger_by_7,Larger_by_8,Larger_by_9,Larger_by_10,Larger_by_more_than_10
0,19.985190381542537,25.22116995985814,19.27199033477532,12.701196461280642,7.958221286877898,4.764410148485911,3.0379204177871313,2.026579367863128,1.2198448887329982,0.9821115398105927,0.623562882419424,2.207802330566273
